,Estrategia,Categoría,CAGR IS,CAGR OOS,Alpha IS,Alpha OOS,Sharpe IS,Sharpe OOS,MaxDD IS,MaxDD OOS,$100 1yr
1,MOM_L12_S0_T5,Momentum CS,0.23344844097480277,0.3926485891496736,0.10088382442234023,0.23404562215170843,1.1382052398290015,1.2845030999384093,-0.24798610364783336,-0.16926188403604525,139.26485891496736
2,MOM_L9_S0_T5,Momentum CS,0.19337578453443105,0.35315556904887924,0.060811167981968506,0.19455260205091407,0.9542228004102131,1.144397411873423,-0.21470514778403815,-0.17765699370484667,135.31555690488793
3,MOM_L6_S0_T5,Momentum CS,0.24044333547436358,0.3378516030883387,0.10787871892190104,0.17924863609037356,1.293715222111391,1.1762040005252556,-0.20172649980322954,-0.16455756872075633,133.78516030883387
4,MOM_L12_S1_T5,Momentum CS,0.19413946739222854,0.3280132425838229,0.06157485083976599,0.16941027558585775,0.8995765118553066,1.075736794276867,-0.2368878649140468,-0.19641738581197132,132.8013242583823
5,MOM_L6_S1_T5,Momentum CS,0.22671339702942395,0.30914816928291433,0.0941487804769614,0.15054520228494916,1.208692399713705,1.0420687757770888,-0.20404698093484808,-0.1904624966504519,130.91481692829143
6,MOM_L9_S1_T5,Momentum CS,0.24219755252518094,0.30876740616052456,0.10963293597271839,0.1501644391625594,1.1462486327491446,0.9865113438647398,-0.21108671405603774,-0.23996003633306784,130.87674061605244
7,MOM_L12_S0_T10,Momentum CS,0.1939326151118861,0.2930513823389489,0.06136799855942354,0.13444841534098373,1.05660717011808,1.1068325273380584,-0.19465791242129027,-0.1754349503153857,129.3051382338949
8,MOM_L3_S1_T5,Momentum CS,0.23585524055726448,0.29137830981717605,0.10329062400480193,0.13277534281921088,1.2190178698592784,0.9825241693721788,-0.14425346314270993,-0.23711005620961445,129.1378309817176
9,MOM_L3_S0_T5,Momentum CS,0.21788854996354035,0.27420894028940346,0.0853239334110778,0.11560597329143829,1.2047971866163705,1.0012783094586521,-0.20238702691526267,-0.19466007754959624,127.42089402894035
10,MOM_L12_S1_T10,Momentum CS,0.17975837606491663,0.2729023156512813,0.04719375951245408,0.11429934865331615,0.9448742520165225,1.0377283927295573,-0.2030268825064001,-0.19449761295448864,127.29023156512812
11,DUALMOM_L3_EFA_AGG,Dual Momentum,0.23127845358335763,0.2710611911103882,0.09871383703089509,0.11245822411242301,2.2236349923297585,1.4945661236470458,-0.03902239956139242,-0.10157548282295525,127.10611911103882
12,MOM_L6_S0_T10,Momentum CS,0.19928968137585024,0.25835763683434076,0.06672506482338769,0.0997546698363756,1.1631598822509879,1.0299356701112863,-0.17146201660901828,-0.16636433193406042,125.83576368343408
13,MOM_L3_S1_T10,Momentum CS,0.19428370238442105,0.2535997702358317,0.06171908583195851,0.09499680323786652,1.0812932704111033,0.9907019881054981,-0.17040786205618486,-0.2024102821238276,125.35997702358317
14,MOM_L9_S0_T10,Momentum CS,0.20179885633162864,0.253303027008285,0.0692342397791661,0.09470006001031983,1.1305491367208917,0.9755878665528273,-0.18587636907815386,-0.16280978408526792,125.3303027008285
15,MOM_L6_S1_T10,Momentum CS,0.18803788444049574,0.25311315325589767,0.055473267888033195,0.0945101862579325,1.0304712386789632,0.9937298050177382,-0.19993008950641966,-0.1757031834543773,125.31131532558976
16,DUALMOM_L3_VT_AGG,Dual Momentum,0.2152734755338368,0.2502652009117716,0.08270885898137426,0.09166223391380646,2.1142646291367897,1.5099511257198581,-0.03902239956139242,-0.10157548282295514,125.02652009117716
17,MOM_L9_S1_T10,Momentum CS,0.20045638627572582,0.24833970130085992,0.06789176972326327,0.08973673430289475,1.0525710963005783,0.9181746678772499,-0.22655684721122726,-0.2165622342121385,124.83397013008599
18,ETF_GTAA_L12_top1,ETF Rotation,0.039633036963720114,0.24802024337476802,-0.09293157958874243,0.08941727637680286,0.06841977356118124,1.1298758444494712,-0.34202226812491243,-0.2635641354249709,124.80202433747681
19,MOM_L3_S0_T10,Momentum CS,0.2002647633714134,0.23667526959381835,0.06770014681895087,0.07807230259585318,1.216081426171211,0.9629521372375737,-0.15783179219545196,-0.18089544292444126,123.66752695938183
20,MOM_TREND_L6_T10_MA12,Momentum+Trend,0.1515538214930534,0.23633404495954302,0.018989204940590865,0.07773107796157785,0.8733077738983012,1.059245720908407,-0.18187087526375267,-0.1278585816477319,123.6334044959543
21,MOM_TREND_L12_T10_MA12,Momentum+Trend,0.1365189869842791,0.23629714621481135,0.003954370431816567,0.07769417921684618,0.7810092275500907,1.0716751478845061,-0.19114280358541103,-0.12397342259522925,123.62971462148113
22,MOM_L6_S0_T20,Momentum CS,0.18540884841102678,0.2301492427342018,0.05284423185856424,0.07154627573623662,1.1748433266055425,0.9693568973959075,-0.15936450238810385,-0.20264849022469844,123.01492427342018
23,DUALMOM_L3_EFA_TLT,Dual Momentum,0.2939714354515788,0.2255145883478442,0.16140681889911623,0.06691162134987905,2.1450852588031446,1.0795109997085388,-0.04380691449091478,-0.29736445136767475,122.55145883478443
24,TREND_QQQ_MA18_cash,Trend Following,0.15426319498673569,0.2220227948963056,0.02169857843427314,0.06341982789834044,0.8346235333082589,0.9713646399562069,-0.1696772753308472,-0.21166963225987812,122.20227948963056
25,MOM_L12_S0_T20,Momentum CS,0.18393582995125124,0.22054450236124312,0.051371213398788695,0.061941535363277955,1.1068412259795086,0.9462239112774247,-0.18238846712501422,-0.18283304186422578,122.05445023612431
26,MOM_L9_S0_T20,Momentum CS,0.19080191311698846,0.2190199665257675,0.05823729656452592,0.06041699952780233,1.1762572627589714,0.9310023018008935,-0.18595172811423055,-0.19105024791005787,121.90199665257676
27,CONTRARIAN_L1_B10,Contrarian,0.18667149539404826,0.2054916991489666,0.054106878841585715,0.04688873215100142,0.8702697613897324,0.7563129827982881,-0.2685403819518364,-0.2974408466871694,120.54916991489665
28,MOM_L3_S0_T20,Momentum CS,0.17910933842366683,0.203812003500361,0.046544721871204287,0.04520903650239583,1.1606488307713994,0.896587940021385,-0.1429131295903232,-0.17654643337093856,120.3812003500361
29,MOM_L9_S1_T20,Momentum CS,0.18926171061583164,0.20349991383606247,0.05669709406336909,0.04489694683809731,1.0943169896151892,0.8449404297369534,-0.21551106112295138,-0.1910320763384551,120.34999138360625
30,CONTRARIAN_L3_B10,Contrarian,0.19347612915743584,0.20064664864506887,0.060911512604973295,0.0420436816471037,0.8674057399980678,0.6955722690972337,-0.2767671056211465,-0.2793320967192271,120.06466486450688
31,MOM_L12_S1_T20,Momentum CS,0.1740126154041588,0.20007117111102635,0.041447998851696255,0.04146820411306118,0.9943652533467018,0.8528836746752546,-0.21072345347705712,-0.19713100468145617,120.00711711110263
32,MOM_L6_S1_T20,Momentum CS,0.17734728967784918,0.19964967793421007,0.04478267312538664,0.0410467109362449,1.0485598537219063,0.8399986045019071,-0.19072630205062724,-0.1917970392889704,119.96496779342101
33,ETF_Sectores_L12_top1,ETF Rotation,0.04168238827122228,0.19907802069062885,-0.09088222828124026,0.04047505369266369,0.08099375320273142,0.7044108825811702,-0.26744123241567064,-0.2223309506637765,119.90780206906288
34,TREND_QQQ_MA18_TLT,Trend Following,0.15785331887477771,0.19778859397081727,0.02528870232231517,0.039185626972852106,0.8572093362952787,0.8132276122521063,-0.1696772753308473,-0.358197449793219,119.77885939708173
35,DUALMOM_L3_VT_TLT,Dual Momentum,0.27715153223566724,0.19715292018113129,0.1445869156832047,0.03854995318316612,2.0392780849725547,0.9763418485688192,-0.04380691449091478,-0.29736445136767486,119.71529201811313
36,MOM_L9_S0_T30,Momentum CS,0.17718861286879029,0.19711838664606418,0.04462399631632774,0.038515419648099014,1.1236440512492507,0.8734188467915973,-0.18090395271414317,-0.19005715833041636,119.71183866460642
37,ETF_Sectores_L12_top2,ETF Rotation,0.08036276709196755,0.19663336062346004,-0.052201849460495,0.038030393625494874,0.3790016281608224,0.880133371491901,-0.22130695048885107,-0.17069490653485264,119.663336062346
38,TREND_QQQ_MA10_cash,Trend Following,0.12615632246139974,0.19622028966602367,-0.006408294091062805,0.037617322668058506,0.7365208904900539,0.9857037745018101,-0.1739429141140585,-0.12901919032177367,119.62202896660237
39,ETF_Sectores_L3_top2,ETF Rotation,0.08690229162443974,0.1950269505695923,-0.0456623249280228,0.03642398357162713,0.4285254404843531,0.8258117284393351,-0.18697271800113102,-0.17069490653485264,119.50269505695923
40,SEASONAL_AvoidSep,Seasonal,0.13763975730908706,0.19447694294619922,0.005075140756624519,0.03587397594823405,0.859434460835935,0.937346676161651,-0.13532096510205505,-0.19981335962817948,119.44769429461992
41,ETF_MultiAsset_L12_top1,ETF Rotation,0.033540071031698426,0.19414520595111573,-0.09902454552076412,0.03554223895315056,0.030919607487030987,0.854183170526275,-0.3061556307708838,-0.30843016476299057,119.41452059511157
42,MOM_L3_S1_T20,Momentum CS,0.1891439820524068,0.1932795974772541,0.056579365499944245,0.03467663047928893,1.1427125346632294,0.8239860553154373,-0.13624717876177006,-0.20828956776829355,119.32795974772542
43,MOM_L6_S0_T30,Momentum CS,0.1784262462617956,0.19283895352058122,0.04586162970933305,0.03423598652261606,1.162822035245094,0.8356457614069525,-0.14554784432756918,-0.21203791506538427,119.28389535205812
44,MOM_L3_S0_T30,Momentum CS,0.17722787662317563,0.19106888682337986,0.044663260070713084,0.03246591982541469,1.1721117211571437,0.860132466353093,-0.13543245736557785,-0.17986705950948467,119.10688868233798
45,MOM_L12_S0_T30,Momentum CS,0.17418611433228604,0.18983176633237342,0.04162149777982349,0.031228799334408253,1.0871379617566514,0.8577156640402899,-0.18557275446271793,-0.1821468492828483,118.98317663323735
46,ETF_Sectores_L1_top3,ETF Rotation,0.08775932487790383,0.18935703432808348,-0.04480529167455871,0.030754067330118318,0.47325142306750234,0.8970937877958097,-0.14804985212459754,-0.1860096520270903,118.93570343280835
47,ETF_GTAA_L12_top2,ETF Rotation,0.08007379845457963,0.18918699377985382,-0.05249081809788292,0.03058402678188865,0.3727137991473799,1.083713011059466,-0.15204411854374933,-0.2654515215918878,118.91869937798538
48,ETF_GTAA_L3_top1,ETF Rotation,0.08167975840774622,0.18809162024631876,-0.05088485814471633,0.02948865324835359,0.3533052545504124,0.8948018261583275,-0.24697109093623681,-0.1761807195287307,118.80916202463187
49,DUALMOM_L12_EFA_AGG,Dual Momentum,0.16694574498374837,0.18519404306962528,0.03438112843128582,0.026591076071660114,1.1260832036283808,0.9478696439330248,-0.16738927270080906,-0.187965795729078,118.51940430696253
50,MOM_L12_S1_T30,Momentum CS,0.1726064599908892,0.1844403834401176,0.04004184343842665,0.025837416442152428,1.0363929609400584,0.8198877277196447,-0.18975877056612633,-0.1929373047006866,118.44403834401176
51,MOM_L6_S1_T30,Momentum CS,0.1705535153619937,0.18431850893932777,0.03798889880953116,0.025715541941362607,1.0490861095480286,0.798496157839258,-0.1804431300386291,-0.2005294807669883,118.43185089393278
52,DUALMOM_L9_VT_AGG,Dual Momentum,0.1793085374542267,0.18425441848324997,0.04674392090176416,0.025651451485284804,1.4878524075877935,1.0485810258766495,-0.0997147674444574,-0.14371544167350192,118.425441848325
53,MOM_L9_S1_T30,Momentum CS,0.18335892094608064,0.18424929516356814,0.050794304393618095,0.025646328165602972,1.1177388813626357,0.8020141844617871,-0.20573383806075962,-0.1934543237218176,118.42492951635681
54,SEASONAL_AvoidAgoSep,Seasonal,0.15006167443648932,0.18295559282374807,0.01749705788402678,0.024352625825782903,1.0135455457387663,0.8911579111929074,-0.13532096510205505,-0.1998133596281796,118.29555928237481
55,MOM_TREND_L12_T20_MA12,Momentum+Trend,0.12982522445917244,0.1822244528189758,-0.002739392093290105,0.023621485821010646,0.8214700182259288,0.9287261708650144,-0.1670095799184902,-0.11493046575506405,118.22244528189758
56,DUALMOM_L12_EFA_TLT,Dual Momentum,0.1908536331328563,0.18221239972994296,0.05828901658039376,0.023609432731977797,1.2639449087645325,0.8677748240666844,-0.16738927270080906,-0.2915969126910103,118.2212399729943
57,ETF_GTAA_L1_top1,ETF Rotation,0.027094886992474976,0.18082391066822856,-0.10546972955998757,0.022220943670263393,-0.03909549087992246,0.8743945467363402,-0.2722955867515442,-0.3146020156047883,118.08239106682285
58,ETF_Sectores_L6_top1,ETF Rotation,0.061149137409070686,0.1799957367455587,-0.07141547914339186,0.02139276974759352,0.22101694758674345,0.6431533471998534,-0.18701797916126517,-0.170734539616346,117.99957367455588
59,ETF_Sectores_L1_top2,ETF Rotation,0.06336382756527836,0.17923056032400408,-0.06920078898718418,0.020627593326038918,0.251398817777097,0.8089693885995702,-0.1422471633302368,-0.22097376713637662,117.92305603240041
60,MOM_TREND_L6_T20_MA12,Momentum+Trend,0.13991277711518935,0.17846155760104443,0.007348160562726802,0.019858590603079262,0.8672061485467281,0.8734918076069563,-0.16333017670286432,-0.11615495821006727,117.84615576010444
61,ETF_GTAA_L12_top3,ETF Rotation,0.08291743016558972,0.17819945989519015,-0.04964718638687282,0.019596492897224982,0.49920501720777427,1.118079711401198,-0.09812615203680641,-0.19923925738846848,117.81994598951901
62,DUALMOM_L6_VT_AGG,Dual Momentum,0.16337585843845148,0.17804712721235227,0.030811241885988938,0.019444160214387107,1.2853628835352089,0.9968355138271973,-0.0691041400584409,-0.14674009423996126,117.80471272123523
63,TREND_QQQ_MA8_cash,Trend Following,0.1295560004566194,0.17783278795725588,-0.0030086160958431307,0.01922982095929071,0.7605311962891915,0.9056259444271678,-0.17394291411405882,-0.12901919032177367,117.7832787957256
64,DUALMOM_L12_VT_AGG,Dual Momentum,0.16555464619211846,0.1768148926285973,0.032990029639655916,0.01821192563063212,1.1539228469992135,0.9323749177685272,-0.16898125795442276,-0.18796579572907768,117.68148926285973
65,TREND_QQQ_MA6_cash,Trend Following,0.11804622879550575,0.17404474610820664,-0.014518387756956797,0.015441779110241471,0.6706219113019236,0.8693560563679424,-0.1768766911847891,-0.14186542390545764,117.40447461082067
66,DUALMOM_L12_VT_TLT,Dual Momentum,0.18943403410078474,0.1738543290760186,0.0568694175483222,0.015251362078053443,1.293102764501184,0.8476209696806196,-0.16898125795442276,-0.2915969126910104,117.38543290760187
67,ETF_MultiAsset_L3_top1,ETF Rotation,0.06988720389023184,0.1732338585103299,-0.0626774126622307,0.014630891512364741,0.2672103872156482,0.7240516363776367,-0.2621672110347929,-0.2558029252327477,117.323385851033
68,DUALMOM_L9_EFA_AGG,Dual Momentum,0.17779811493017328,0.17298631179405843,0.045233498377710735,0.014383344796093267,1.425004137877372,0.9687747622771369,-0.09971476744445729,-0.1437154416735017,117.29863117940585
69,TREND_QQQ_MA12_cash,Trend Following,0.12950608220754023,0.17231165154675132,-0.0030585343449223146,0.013708684548786154,0.761424777108866,0.8601726535487205,-0.1739429141140585,-0.12901919032177367,117.23116515467512
70,ETF_Sectores_L12_top3,ETF Rotation,0.09095051771504337,0.17205708393402364,-0.04161409883741918,0.013454116936058469,0.49282043723139873,0.8188007476870791,-0.1988204924499728,-0.15813453989025017,117.20570839340236
71,MOM_TREND_L12_T10_MA6,Momentum+Trend,0.15346469512201288,0.17060745799166543,0.02090007856955034,0.012004490993700268,0.9700072684057615,0.8637481071035737,-0.12998718556850397,-0.12397342259522937,117.06074579916654
72,CONTRARIAN_L3_B20,Contrarian,0.18134896863622574,0.16860474598249686,0.048784352083763194,0.010001778984531695,0.8857726695865242,0.6235074248759617,-0.2521696415522958,-0.2679878434558486,116.86047459824968
73,CONTRARIAN_L1_B20,Contrarian,0.1880633230416715,0.16766428785900844,0.05549870648920896,0.009061320861043276,0.9457559023041084,0.655125738795931,-0.24615225188848466,-0.27846718705632567,116.76642878590084
74,MOM_TREND_L6_T10_MA6,Momentum+Trend,0.1615549573816415,0.16657007393837087,0.02899034082917895,0.0079671069404057,1.0056032509199817,0.8044942757975317,-0.12116882433607024,-0.15958647854493846,116.65700739383709
75,DUALMOM_L6_EFA_AGG,Dual Momentum,0.17109289637154101,0.16568364365502442,0.03852827981907847,0.007080676657059248,1.2910537375703086,0.9237479087481575,-0.0691041400584409,-0.12777980703673342,116.56836436550245
76,MOM_TREND_L12_T10_MA10,Momentum+Trend,0.1365189869842791,0.16534028133377165,0.003954370431816567,0.006737314335806488,0.7810092275500907,0.8026207242763979,-0.19114280358541103,-0.16028678135522234,116.53402813337716
77,MOM_L3_S1_T30,Momentum CS,0.17593848338152318,0.1644675169785541,0.04337386682906064,0.00586454998058894,1.095773866604565,0.7173298941567495,-0.13866920379815528,-0.21449501611723465,116.4467516978554
78,MOM_TREND_L6_T10_MA10,Momentum+Trend,0.1515538214930534,0.1626676923935091,0.018989204940590865,0.004064725395543922,0.8733077738983012,0.7628706119359446,-0.18187087526375267,-0.1822443321658358,116.26676923935091
79,ETF_MultiAsset_L12_top2,ETF Rotation,0.036009659426248675,0.16222541849940386,-0.09655495712621387,0.003622451501438695,0.02178511285012034,0.8281343087648475,-0.29007721008871223,-0.27544333474737726,116.22254184994038
80,ETF_GTAA_L1_top2,ETF Rotation,0.08630900440360079,0.16195722379640287,-0.04625561214886176,0.0033542567984377047,0.4847274221984646,0.9401968497005854,-0.17989077363172623,-0.2512687898168747,116.19572237964029
81,CONTRARIAN_L6_B10,Contrarian,0.2177387336521961,0.15864365030249394,0.08517411709973355,4.068330452877689e-05,0.9542333157222838,0.5652080612696926,-0.24790215046984443,-0.30172899677859244,115.86436503024939
82,DUALMOM_L9_VT_TLT,Dual Momentum,0.21003690185690416,0.15809044155741492,0.07747228530444161,-0.0005125254405502488,1.540409882727257,0.7931152203120255,-0.0997147674444574,-0.29662087797188763,115.80904415574149
83,ETF_GTAA_L6_top2,ETF Rotation,0.12193894899125546,0.15518514470844202,-0.010625667561207086,-0.0034178222895231425,0.7752120339117341,0.8437555078330538,-0.12436212632368837,-0.25070339243922113,115.5185144708442
84,ETF_MultiAsset_L3_top3,ETF Rotation,0.12033310948515741,0.15383270943662808,-0.012231507067305136,-0.004770257561337088,0.7543412584888759,0.7706498127734266,-0.14558948360797364,-0.3035878986736349,115.38327094366281
85,ETF_MultiAsset_L1_top3,ETF Rotation,0.06613863868941228,0.15375468044676022,-0.06642597786305027,-0.00484828655120495,0.3062752728598649,0.769092781002287,-0.17695894101187648,-0.3374735930414504,115.37546804467603
86,ETF_MultiAsset_L12_top3,ETF Rotation,0.07127757108194022,0.15288290280683614,-0.06128704547052233,-0.005720064191129026,0.3121159375493381,0.7834325637259891,-0.1619902028307102,-0.27860830555133287,115.28829028068361
87,DUALMOM_L6_VT_TLT,Dual Momentum,0.20489679589791576,0.15130629123061556,0.07233217934545322,-0.007296675767349603,1.4299467754375872,0.7506390280127735,-0.06910414005844079,-0.28706308133986147,115.13062912306155
88,DUALMOM_L9_EFA_TLT,Dual Momentum,0.20848712337785913,0.15113686158133377,0.07592250682539659,-0.007466105416631397,1.490800535481889,0.7537837485681312,-0.09971476744445729,-0.29662087797188774,115.11368615813338
89,ETF_MultiAsset_L3_top2,ETF Rotation,0.10038653269248754,0.15056415779215304,-0.032178083859975004,-0.008038809205812125,0.5423730780589803,0.711157941887868,-0.17562733267165165,-0.31067620167852505,115.0564157792153
90,TREND_SPY_MA12_cash,Trend Following,0.08880043894426692,0.14586455890553074,-0.04376417760819562,-0.012738408092434428,0.5196861229313513,0.802354792750931,-0.14931170224608836,-0.12986374680716717,114.58645589055307
91,ETF_Sectores_L3_top3,ETF Rotation,0.11844563467684344,0.14475477764644196,-0.014118981875619108,-0.01384818935152321,0.6839931787518906,0.6361891373954076,-0.11415471481842399,-0.18253287451110134,114.4754777646442
92,ETF_GTAA_L6_top1,ETF Rotation,0.0626427495226265,0.1446225207896097,-0.06992186702983605,-0.01398044620835548,0.2200673724863462,0.6544516612630998,-0.29165792744622676,-0.24328168040670428,114.46225207896097
93,ETF_MultiAsset_L6_top1,ETF Rotation,0.027548274616793433,0.14436295844900005,-0.10501634193566911,-0.014240008548965122,-0.018027235286639704,0.6085783230533435,-0.28215052736636714,-0.35118318871028775,114.4362958449
94,SEASONAL_EvitarQ3,Seasonal,0.13377716423895514,0.14371134965021537,0.0012125476864925933,-0.014891617347749797,0.8924874507703534,0.6899534990372678,-0.15239199006082094,-0.1998133596281796,114.37113496502154
95,ETF_MultiAsset_L1_top2,ETF Rotation,0.05648358339012849,0.14132667663816267,-0.07608103316233406,-0.017276290359802493,0.1959580870119356,0.6428762677724198,-0.22994947066515126,-0.3758619048128593,114.13266766381626
96,ETF_GTAA_L1_top3,ETF Rotation,0.08081668843789536,0.14116235784654063,-0.05174792811456719,-0.017440609151424535,0.5595652951319764,0.8893870110756841,-0.14407120340066482,-0.29199568061296566,114.11623578465407
97,ETF_MultiAsset_L6_top3,ETF Rotation,0.09984041344006989,0.1407768743917721,-0.03272420311239266,-0.017826092606193056,0.5745797953603454,0.6830691473809405,-0.16310260296736356,-0.30081811366059075,114.07768743917721
98,ETF_GTAA_L3_top3,ETF Rotation,0.0937942496176909,0.14072143845459095,-0.03877036693477165,-0.017881528543374214,0.682135120345778,0.8970303593899129,-0.11038531001424234,-0.19479160249649186,114.0721438454591
99,TREND_SPY_MA18_cash,Trend Following,0.09778532931795869,0.14022867816664353,-0.03477928723450385,-0.01837428883132164,0.5725479118352423,0.7112001321808055,-0.16283644249835327,-0.19415152137605207,114.02286781666436
100,DUALMOM_L6_EFA_TLT,Dual Momentum,0.21288925526687907,0.13922344999933078,0.08032463871441653,-0.019379516998634383,1.4406214941185045,0.6837511088798749,-0.0691041400584409,-0.28706308133986136,113.92234499993307
101,ETF_GTAA_L6_top3,ETF Rotation,0.09835501788698475,0.1385577016252555,-0.03420959866547779,-0.020045265372709675,0.7287653852821906,0.8700090170947228,-0.11819886713483663,-0.20639217485922878,113.85577016252554
102,ETF_GTAA_L3_top2,ETF Rotation,0.09883136244490487,0.13804652035717901,-0.033733254107557675,-0.020556446640786152,0.5498712889988089,0.7579674751665033,-0.19288821062847095,-0.18562082288441417,113.80465203571791
103,TREND_QQQ_MA10_TLT,Trend Following,0.14741456668396613,0.13152332308425407,0.014849950131503586,-0.027079643913711093,0.8347576834104415,0.5619824648100614,-0.14347098041967665,-0.3741205767212219,113.1523323084254
104,MOM_TREND_L12_T20_MA6,Momentum+Trend,0.1496596114342097,0.13147536486050937,0.01709499488174715,-0.027127602137455797,1.068349606188324,0.7086299463304191,-0.10061548890624183,-0.11724266651352655,113.14753648605094
105,TREND_SPY_MA12_TLT,Trend Following,0.10758203862010984,0.13126262653122311,-0.0249825779323527,-0.027340340466742052,0.6377705468472052,0.6308680827865042,-0.15130878289941185,-0.2915969126910102,113.12626265312231
106,ETF_MultiAsset_L6_top2,ETF Rotation,0.06579626202920319,0.13065185247643907,-0.06676835452325935,-0.0279511145215261,0.25560381140033683,0.5906195895833977,-0.21279672611439493,-0.3284872686747299,113.06518524764391
107,TREND_QQQ_MA8_TLT,Trend Following,0.15691079878099412,0.13009435509116996,0.024346182228531577,-0.02850861190679521,0.9034160977388596,0.5564227101355524,-0.14347098041967654,-0.3741205767212219,113.009435509117
108,MOM_TREND_L6_T20_MA6,Momentum+Trend,0.15146403310245904,0.12804619277105922,0.018899416549996495,-0.030556774226905947,1.0291424473626887,0.6427506098496962,-0.0974329276101571,-0.1538922579708054,112.80461927710593
109,MOM_LOWVOL_L12_T10_V3,Mom+LowVol,0.16875157132704444,0.12792873988948772,0.03618695477458189,-0.030674227108477448,1.117863747813289,0.5658830676133396,-0.137331896771546,-0.21261269416403883,112.79287398894877
110,MOM_LOWVOL_L6_T10_V3,Mom+LowVol,0.18787861265529848,0.12498221179088898,0.05531399610283594,-0.03362075520707619,1.2376256772289556,0.5770098770046849,-0.10353983504586228,-0.166408803039377,112.4982211790889
111,ETF_Sectores_L3_top1,ETF Rotation,0.10111701120875805,0.12331073227027245,-0.0314476053437045,-0.03529223472769272,0.46804034160627545,0.4427029647011109,-0.2705678083573595,-0.23233636096649546,112.33107322702725
112,MOM_TREND_L12_T20_MA10,Momentum+Trend,0.12982522445917244,0.12297414321141109,-0.002739392093290105,-0.035628823786554076,0.8214700182259288,0.6204429966719666,-0.1670095799184902,-0.1786119583228113,112.2974143211411
113,ETF_Sectores_L6_top3,ETF Rotation,0.0998745403323189,0.12148090581020865,-0.03269007622014364,-0.03712206118775652,0.5837135107997142,0.5345701347572045,-0.12724797636278162,-0.14809561380095726,112.14809058102087
114,MOM_TREND_L6_T20_MA10,Momentum+Trend,0.13991277711518935,0.12054962715098871,0.007348160562726802,-0.03805333984697645,0.8672061485467281,0.5750100031777992,-0.16333017670286432,-0.19270024352427273,112.05496271509887
115,ETF_Sectores_L1_top1,ETF Rotation,0.07740267864992867,0.12018537366831117,-0.055161937902533875,-0.038417593329654,0.33677997003053534,0.42580861154633576,-0.14579524094715923,-0.3214466908512231,112.01853736683111
116,TREND_SPY_MA18_TLT,Trend Following,0.09651831990707382,0.11915685453827995,-0.03604629664538872,-0.03944611245968521,0.5543521190383077,0.5351067136109255,-0.19756871327717185,-0.2915969126910103,111.91568545382799
117,CONTRARIAN_L6_B20,Contrarian,0.2098720261185274,0.11896654060659406,0.07730740956606486,-0.039636426391371105,1.0208894595878282,0.4435730089016297,-0.22895460327582762,-0.293808740946235,111.8966540606594
118,TREND_SPY_MA6_cash,Trend Following,0.10460937296711692,0.11859473864856063,-0.027955243585345624,-0.04000822834940454,0.7232896163047675,0.6905584684019578,-0.14857015553362807,-0.10385411667108391,111.85947386485606
119,ETF_Sectores_L6_top2,ETF Rotation,0.09491186259987061,0.11764994565246889,-0.03765275395259193,-0.04095302134549628,0.5051347979998487,0.47796485849164017,-0.13538562996031822,-0.1615490459539496,111.7649945652469
120,TREND_QQQ_MA6_TLT,Trend Following,0.12585102481107957,0.11316533202701451,-0.006713591741382974,-0.04543763497095066,0.6659901667412452,0.4620661947763916,-0.2015648555436257,-0.3898125040283611,111.31653320270145
121,MOM_LOWVOL_L6_T20_V3,Mom+LowVol,0.1798703126760557,0.11259479723000188,0.047305696123593144,-0.04600816976796329,1.252669000211109,0.5109568221493087,-0.09818506607041522,-0.17876220061342651,111.25947972300018
122,ETF_MultiAsset_L1_top1,ETF Rotation,0.019592384112255168,0.11200778948996204,-0.11297223244020738,-0.04659517750800313,-0.09243013332554403,0.4428133462642621,-0.36599098158102317,-0.3949473029092072,111.2007789489962
123,MOM_LOWVOL_L12_T20_V3,Mom+LowVol,0.16948782303482868,0.111158864960472,0.03692320648236613,-0.04744410203749316,1.170007450818164,0.5001459959184544,-0.11477760786941282,-0.18736510221132707,111.1158864960472
124,TREND_QQQ_MA12_TLT,Trend Following,0.15250594446516996,0.11075406388870035,0.01994132791270742,-0.04784890310926482,0.8739768214806102,0.456517340489393,-0.14347098041967665,-0.39220947026477293,111.07540638887004
125,SEASONAL_EvitarMayJun,Seasonal,0.1316815799208786,0.1092132225218927,-0.0008830366315839555,-0.04938974447607247,0.8409769507733397,0.4739876903291974,-0.13817214166083813,-0.19415152137605207,110.92132225218927
126,MOM_LOWVOL_L12_T10_V6,Mom+LowVol,0.14543187061073604,0.10806203167611828,0.012867254058273492,-0.05054093532184689,0.9459299035831951,0.4573000971319991,-0.13134978192339852,-0.2111958176190607,110.80620316761183
127,TREND_QQQ_MA3_cash,Trend Following,0.08656050126033055,0.10669253123586175,-0.046004115292132,-0.05191043576210341,0.4673051553723099,0.4735001632336754,-0.1115407858263201,-0.39169493773233044,110.66925312358617
128,SEASONAL_Q4,Seasonal,0.07325589640862207,0.10653502036402074,-0.059308720143840477,-0.05206794663394443,0.4882578728282883,0.7760634983625955,-0.13532096510205505,-0.057627954674548953,110.65350203640207
129,LOWVOL_V3m_T10,Low Volatility,0.15696492704344744,0.10447056478016847,0.0244003104909849,-0.054132402217796693,1.2584465440406984,0.4772935327652887,-0.05828681161080629,-0.17924485989331962,110.44705647801685
130,TREND_SPY_MA8_cash,Trend Following,0.11634682020832798,0.10314015799999798,-0.01621779634413456,-0.05546280899796718,0.8228167043101903,0.5312429737654107,-0.11404168144369431,-0.20616200264156292,110.3140157999998
131,TREND_SPY_MA10_cash,Trend Following,0.08880043894426692,0.10314015799999798,-0.04376417760819562,-0.05546280899796718,0.5196861229313513,0.5312429737654107,-0.14931170224608836,-0.20616200264156292,110.3140157999998
132,MOM_LOWVOL_L12_T20_V6,Mom+LowVol,0.15305633056827928,0.10207372411356386,0.02049171401581673,-0.05652924288440131,1.0375593976154796,0.44330961790754436,-0.12184057341657728,-0.1917363593764666,110.20737241135639
133,LOWVOL_V6m_T10,Low Volatility,0.14813574178322475,0.098039023476306,0.015571125230762206,-0.06056394352165917,1.1653561827116843,0.43090110754742655,-0.07044430509002075,-0.19299469284021087,109.8039023476306
134,MOM_LOWVOL_L6_T20_V6,Mom+LowVol,0.16859977283837857,0.09775639992754592,0.036035156285916026,-0.060846567070419244,1.1722723780697455,0.4237707442612009,-0.11498610086670613,-0.19005533188120216,109.77563999275459
135,LOWVOL_V3m_T20,Low Volatility,0.1608748245129501,0.09661516613284182,0.028310207960487555,-0.061987800865123344,1.3127903386270743,0.4294610765137082,-0.06779755659425635,-0.18408564191535504,109.66151661328418
136,SEASONAL_SoloNovDicEne,Seasonal,0.06842299441878752,0.09562425557649079,-0.06414162213367502,-0.06297871142147438,0.46244013743626433,0.6861361136714518,-0.08804829158210548,-0.05762795467454884,109.56242555764908
137,LOWVOL_V6m_T20,Low Volatility,0.15660137544969532,0.09314416431051487,0.02403675889723278,-0.0654588026874503,1.2725605990973898,0.4058624085960051,-0.06814684264779147,-0.19384243300204573,109.31441643105148
138,MOM_LOWVOL_L6_T10_V6,Mom+LowVol,0.1616074940351515,0.09243880047580344,0.029042877482688967,-0.06616416652216173,1.044870226471197,0.386096329782203,-0.1274385381909543,-0.19760436770925915,109.24388004758035
139,TREND_SPY_MA3_cash,Trend Following,0.08846317426820449,0.09138939009701619,-0.04410144228425805,-0.06721357690094898,0.604262134346813,0.4616129692898455,-0.10395888907683049,-0.2587252763071264,109.13893900970162
140,TREND_QQQ_MA3_TLT,Trend Following,0.11139175053306638,0.09018416129718831,-0.021172866019396164,-0.06841880570077685,0.5726403408866032,0.35041618070082253,-0.10491198993274631,-0.43760222062943444,109.01841612971883
141,TREND_SPY_MA10_TLT,Trend Following,0.10758203862010984,0.09012979405307298,-0.0249825779323527,-0.06847317294489219,0.6377705468472052,0.3845850277881763,-0.15130878289941185,-0.35443252393983904,109.01297940530729
142,TREND_SPY_MA8_TLT,Trend Following,0.1511998312513747,0.09012979405307298,0.01863521469891216,-0.06847317294489219,1.00135089188317,0.3845850277881763,-0.10627754291174396,-0.35443252393983904,109.01297940530729
143,LOWVOL_V12m_T10,Low Volatility,0.1521326928475759,0.08956445188249362,0.019568076295113368,-0.06903851511547154,1.1707298901943628,0.3909171409392933,-0.05915029376247094,-0.19615238388849343,108.95644518824936
144,LOWVOL_V3m_T30,Low Volatility,0.16612140384987706,0.08834161277045816,0.033556787297414514,-0.07026135422750701,1.3265034745196824,0.3767633073827074,-0.07618898460935819,-0.2012375690768038,108.83416127704581
145,LOWVOL_V6m_T30,Low Volatility,0.160447929755549,0.08601898536733166,0.027883313203086457,-0.07258398163063351,1.2718245966237598,0.35906393103303963,-0.07373439970796158,-0.20237319993369107,108.60189853673316
146,LOWVOL_V12m_T30,Low Volatility,0.15750553350843233,0.08191694042174213,0.024940916955969783,-0.07668602657622303,1.2600887097280082,0.3346541183992599,-0.07228409072071706,-0.21281137306174236,108.19169404217422
147,SEASONAL_NovAbr_BestHalf,Seasonal,0.11274390516053057,0.0791367234142033,-0.019820711391931978,-0.07946624358376186,0.9248693810991232,0.3328318711594001,-0.10729465027228147,-0.19415152137605207,107.91367234142032
148,TREND_SPY_MA6_TLT,Trend Following,0.12486292449263048,0.07808157285832307,-0.007701692059832066,-0.0805213941396421,0.7444301589871202,0.31019003909073073,-0.17308083321915413,-0.3503008450769446,107.80815728583231
149,LOWVOL_V12m_T20,Low Volatility,0.15745334065795258,0.07701571957063114,0.024888724105490034,-0.08158724742733403,1.2708332783280896,0.3083314945872589,-0.06233703583677297,-0.20741042233473106,107.70157195706311
150,SEASONAL_Q4_Q1,Seasonal,0.12203806392253203,0.07436409822659518,-0.010526552629930519,-0.08423886877136999,0.8717913774294146,0.3232070434296923,-0.17325672613967136,-0.1983975099556774,107.43640982265951
151,SEASONAL_OctMar_BestHalf,Seasonal,0.12203806392253203,0.07436409822659518,-0.010526552629930519,-0.08423886877136999,0.8717913774294146,0.3232070434296923,-0.17325672613967136,-0.1983975099556774,107.43640982265951
152,TREND_SPY_MA3_TLT,Trend Following,0.11504630128793236,0.06251791760046777,-0.017518315264530182,-0.0960850493974974,0.6801586598916657,0.21509315519785277,-0.12031149710629341,-0.3530601495191471,106.25179176004677
153,SEASONAL_Q1,Seasonal,0.08804585166413204,0.010483471980976544,-0.04451876488833051,-0.14811949501698862,0.7350700918502917,-0.29870789324832453,-0.06277406935035013,-0.19415152137605207,101.04834719809766
